{"AK": -1.9054012533650484, "AL": -1.0727085248450314, "AR": -1.2923643587414124, "AZ": 2.9581385718524817, "CA": 20.48105004362594, "CO": -3.4746332910939133, "CT": 5.280078490948221, "DE": 1.6988095429869357, "FL": 8.018942492665373, "GA": -1.0762163991606268, "HI": 6.504281821720514, "IA": 1.5520389867198785, "ID": -1.453953333286784, "IL": 1.0582210736838185, "IN": 4.067137399155915, "KS": -1.886999139393583, "KY": 1.5606429905148818, "LA": 3.8917718078576637, "MA": 5.070527327636449, "MD": 1.1412151878818075, "ME": 1.4321151406507697, "MI": 8.159032940826936, "MN": 7.789484946250709, "MO": 1.445135328015635, "MS": -2.0501737998416343, "MT": -2.48000654185274, "NC": 4.055471149259728, "ND": -1.7739666830284484, "NE": 1.274617160179908, "NH": 1.9304128994138952, "NJ": 6.0826087183812305, "NM": -1.759104977968109, "NV": 1.0236095227651318, "NY": 4.175289277664664, "OH": 2.5488940371313067, "OK": 1.4817968116034137, "OR": 3.873655887179998, "PA": 4.992656524235082, "RI": 2.9806063399817257, "SC": 1.2687200047067921, "SD": -2.069779016787155, "TN": 4.594964090746708, "TX": 3.1949715087561334, "UT": 2.022600935125299, "VA": 4.5835388524094345, "VT": 3.005874123048483, "WA": 15.186865106154205, "WI": 4.437938918648213, "WV": -1.1181977737897342, "WY": -2.8354934897694615}